{
  "export_info": {
    "export_type": "academic",
    "export_timestamp": "2025-09-05T00:26:33.532697",
    "export_specifications": {
      "dpi": 300,
      "formats": [
        "png",
        "svg",
        "pdf"
      ],
      "dimensions": [
        [
          8,
          6
        ],
        [
          10,
          8
        ],
        [
          12,
          9
        ]
      ],
      "color_space": "RGB",
      "font_size": 12,
      "line_width_multiplier": 1.2
    },
    "color_palette": {
      "primary": "#1f77b4",
      "secondary": "#ff7f0e",
      "accent": "#2ca02c",
      "neutral": "#7f7f7f",
      "background": "#ffffff",
      "grid": "#e0e0e0"
    }
  },
  "data_info": {
    "source": "ibge_sidra",
    "fetch_timestamp": "2025-09-05T00:25:26.866704",
    "total_observations": 540,
    "date_range": {
      "start": "1980-01-01",
      "end": "2024-12-01"
    },
    "metadata": {}
  },
  "visualization_info": {
    "methodology": {
      "dual_period_approach": "Logarithmic scale for hyperinflation (pre-1994), linear for modern era",
      "seasonal_decomposition": "X-13ARIMA-SEATS methodology",
      "structural_breaks": "Chow tests and CUSUM analysis",
      "volatility_modeling": "ARCH/GARCH estimation"
    },
    "key_events": [
      {
        "date": "1994-07-01",
        "name": "Plano Real",
        "description": "Currency reform and stabilization"
      },
      {
        "date": "1999-01-01",
        "name": "Inflation Targeting",
        "description": "Adoption of inflation targeting regime"
      },
      {
        "date": "2008-09-15",
        "name": "Global Crisis",
        "description": "Lehman Brothers collapse"
      },
      {
        "date": "2020-03-11",
        "name": "COVID-19",
        "description": "WHO declares pandemic"
      }
    ]
  },
  "citation": {
    "suggested_citation": "Brazil Inflation Analytics Dashboard. Generated using World Bank, FRED, and IBGE data.",
    "data_sources": [
      "World Bank: https://data.worldbank.org",
      "FRED: https://fred.stlouisfed.org",
      "IBGE: https://sidra.ibge.gov.br"
    ]
  }
}