{
  "export_info": {
    "export_type": "print",
    "export_timestamp": "2025-09-05T00:27:35.358949",
    "export_specifications": {
      "dpi": 300,
      "formats": [
        "pdf",
        "eps"
      ],
      "dimensions": [
        [
          8.5,
          11
        ],
        [
          11,
          8.5
        ]
      ],
      "color_space": "CMYK",
      "font_size": 10,
      "line_width_multiplier": 1.5
    },
    "color_palette": {
      "primary": "#000080",
      "secondary": "#800000",
      "accent": "#008000",
      "neutral": "#404040",
      "background": "#ffffff",
      "grid": "#c0c0c0"
    }
  },
  "data_info": {
    "source": "ibge_sidra",
    "fetch_timestamp": "2025-09-05T00:25:26.866704",
    "total_observations": 540,
    "date_range": {
      "start": "1980-01-01",
      "end": "2024-12-01"
    },
    "metadata": {}
  },
  "visualization_info": {
    "methodology": {
      "dual_period_approach": "Logarithmic scale for hyperinflation (pre-1994), linear for modern era",
      "seasonal_decomposition": "X-13ARIMA-SEATS methodology",
      "structural_breaks": "Chow tests and CUSUM analysis",
      "volatility_modeling": "ARCH/GARCH estimation"
    },
    "key_events": [
      {
        "date": "1994-07-01",
        "name": "Plano Real",
        "description": "Currency reform and stabilization"
      },
      {
        "date": "1999-01-01",
        "name": "Inflation Targeting",
        "description": "Adoption of inflation targeting regime"
      },
      {
        "date": "2008-09-15",
        "name": "Global Crisis",
        "description": "Lehman Brothers collapse"
      },
      {
        "date": "2020-03-11",
        "name": "COVID-19",
        "description": "WHO declares pandemic"
      }
    ]
  },
  "citation": {
    "suggested_citation": "Brazil Inflation Analytics Dashboard. Generated using World Bank, FRED, and IBGE data.",
    "data_sources": [
      "World Bank: https://data.worldbank.org",
      "FRED: https://fred.stlouisfed.org",
      "IBGE: https://sidra.ibge.gov.br"
    ]
  }
}